url	http_code	effective_url	notes
https://www.astro.utoronto.ca/~eadie/cover.html	200	https://www.astro.utoronto.ca/~eadie/cover.html	
https://joshspeagle.com	200	https://joshspeagle.com/	
https://www.umass.edu	200	https://www.umass.edu/	
https://antwi-danso.carrd.co	200	https://antwi-danso.carrd.co/	
https://www.dunlap.utoronto.ca	200	https://www.dunlap.utoronto.ca/	
https://www.tamu.edu	200	https://www.tamu.edu/	
https://www.lumamentoring.com	200	https://www.lumamentoring.com/	
https://www.desi.lbl.gov	200	https://www.desi.lbl.gov/	
https://www.dunlap.utoronto.ca/dunlap-fellowship	200	https://www.dunlap.utoronto.ca/dunlap-fellowship/	
https://www.astro.utoronto.ca	200	https://www.astro.utoronto.ca/	
https://www.yorku.ca/professor/muzzin/	CURL_ERR(60)		curl: (60) SSL certificate problem: unable to get local issuer certificate More details here: https://curl.se/docs/sslcerts.html  curl failed to verify the legitimacy of the server and therefore could not establish a secure connection to it. To learn more about this situation and how to fix it, plea
https://www.yorku.ca	CURL_ERR(60)		curl: (60) SSL certificate problem: unable to get local issuer certificate More details here: https://curl.se/docs/sslcerts.html  curl failed to verify the legitimacy of the server and therefore could not establish a secure connection to it. To learn more about this situation and how to fix it, plea
https://tanveerkarim.com	200	https://tanveerkarim.com/	
https://people.tamu.edu/~papovich	200	https://people.tamu.edu/~papovich/	
https://lsstdesc.org	200	https://lsstdesc.org/	
https://schmidtfellows.utoronto.ca	200	https://schmidtfellows.utoronto.ca/	
https://www.kevinmckinnon.com	200	https://www.kevinmckinnon.com/	
https://www.sdss.org/instruments/apogee-spectrographs	200	https://www.sdss.org/instruments/apogee-spectrographs	
https://www.sdss.org	200	https://www.sdss.org/	
https://www.dunlap.utoronto.ca/dunlap-people/prof-renee-hlozek/	200	https://www.dunlap.utoronto.ca/directory/prof-renee-hlozek/	
https://www.statistics.utoronto.ca	200	https://www.statistics.utoronto.ca/	
https://web.cs.toronto.edu/	200	https://web.cs.toronto.edu/	
https://www.aviadlevis.info/	200	https://www.aviadlevis.info/	
https://www.esa.int/Science_Exploration/Space_Science/Gaia	200	https://www.esa.int/Science_Exploration/Space_Science/Gaia	
https://datasciences.utoronto.ca	403	https://datasciences.utoronto.ca/	
https://biprateep.de	200	https://biprateep.de/	
https://ai4astronomy.github.io	200	https://ai4astronomy.github.io/	
https://sites.google.com/view/xuduo	200	https://sites.google.com/view/xuduo	
https://sites.google.com/view/stellaoffner/home	200	https://sites.google.com/view/stellaoffner/home	
https://cosmicorigins.space/vico	200	https://cosmicorigins.space/vico	
https://www.utexas.edu	200	https://www.utexas.edu/	
https://astrockragh.github.io/	200	https://astrockragh.github.io/	
https://www.rkerrastro.com	200	https://www.rkerrastro.com/	
https://www.as.utexas.edu/~alk/Home.html	200	https://www.as.utexas.edu/~alk/Home.html	
https://github.com/maryumsayeed/The-Swan	403	https://github.com/maryumsayeed/The-Swan	
https://www.astro.umontreal.ca/~lpl/	403	https://www.astro.umontreal.ca/~lpl/	
https://maryumsayeed.github.io/	200	https://maryumsayeed.github.io/	
https://www.princeton.edu	200	https://www.princeton.edu/	
https://www.virginia.edu	200	https://www.virginia.edu/	
https://www.columbia.edu	403	https://www.columbia.edu/	
https://www.artsci.utoronto.ca	200	https://www.artsci.utoronto.ca/	
https://chloe-mt-cheng.github.io/	200	https://chloe-mt-cheng.github.io/	
https://sfseiji.github.io/	200	https://sfseiji.github.io/	
https://www.sgs.utoronto.ca/awards/research-excellence-postdoctoral-fellows-program/	200	https://www.sgs.utoronto.ca/awards/research-excellence-postdoctoral-fellows-program/	
https://sazabi4.github.io	200	https://sazabi4.github.io/	
https://uwaterloo.ca	200	https://uwaterloo.ca/	
https://www.astro.utoronto.ca/~bovy/	200	https://www.astro.utoronto.ca/~bovy/	
https://alexlaroche7.github.io	200	https://alexlaroche7.github.io/	
https://www.ubc.ca	200	https://www.ubc.ca/	
https://datasciences.utoronto.ca/doctoral-student-fellowship	403	https://datasciences.utoronto.ca/doctoral-student-fellowship	
https://www.astro.utoronto.ca/~drout	200	https://www.astro.utoronto.ca/~drout/	
https://leo-watson.github.io/	200	https://leo-watson.github.io/	
https://r-cloutier.github.io	200	https://r-cloutier.github.io/	
https://www.vleosbarajas.com	200	https://www.vleosbarajas.com/	
https://www.mcmaster.ca	200	https://www.mcmaster.ca/	
https://vectorinstitute.ai	200	https://vectorinstitute.ai/	
https://www.utoronto.ca	200	https://www.utoronto.ca/	
https://ian-zhang.com/	200	https://ian-zhang.com/	
https://thibaultrandrianarisoa.netlify.app/	200	https://thibaultrandrianarisoa.netlify.app/	
https://www.universiteitleiden.nl/en/science/astronomy	200	https://www.universiteitleiden.nl/en/science/astronomy	
https://canssiontario.utoronto.ca/opportunities/uoft-opportunities/mdoc/	200	https://canssiontario.utoronto.ca/opportunities/uoft-opportunities/mdoc/	
https://www.utstat.toronto.edu/craiu	200	https://utstat.utoronto.ca/craiu/	
https://nolank.ca/	200	https://nolank.ca/	
https://www.aviadlevis.info	200	https://www.aviadlevis.info/	
https://web.cs.toronto.edu	200	https://web.cs.toronto.edu/	
https://eventhorizontelescope.org	403	https://eventhorizontelescope.org/	
https://catherinezucker.github.io	200	https://catherinezucker.github.io/	
https://www.caltech.edu	200	https://www.caltech.edu/	
https://www.astro.utoronto.ca/academics/undergraduate-studies/surp-2/	200	https://www.astro.utoronto.ca/academics/undergraduate-studies/surp-2/	
https://www.stsci.edu	200	https://www.stsci.edu/	
https://www.harvard.edu	200	https://www.harvard.edu/	
https://www.stsci.edu/stsci-research/fellowships/nasa-hubble-fellowship-program	200	https://www.stsci.edu/stsci-research/fellowships/nasa-hubble-fellowship-program	
https://www.cfa.harvard.edu	200	https://www.cfa.harvard.edu/	
https://zhw11387.wixsite.com/mysite	200	https://zhw11387.wixsite.com/mysite	
https://roman.gsfc.nasa.gov	200	https://roman.gsfc.nasa.gov/	
https://connorjstone.com	200	https://connorjstone.com/	
https://www.arizona.edu	200	https://www.arizona.edu/	
https://www.cita.utoronto.ca/~pgmartin/	200	https://www.cita.utoronto.ca/~pgmartin/	
https://rubinobservatory.org	200	https://rubinobservatory.org/	
https://github.com/Autostronomy/AstroPhot	403	https://github.com/Autostronomy/AstroPhot	
https://hubblesite.org/home	200	https://science.nasa.gov/mission/hubble/	
https://andrew-saydjari.github.io	200	https://andrew-saydjari.github.io/	
https://www.queensu.ca	200	https://www.queensu.ca/	
https://www.lsst.org	200	https://www.lsst.org/	
https://web.astro.princeton.edu	403	https://web.astro.princeton.edu/	
https://www.euclid-ec.org	200	https://www.euclid-ec.org/	
https://pinchen.fan/	200	https://pinchen.fan/	
https://www.cita.utoronto.ca/people/national-fellows/	200	https://www.cita.utoronto.ca/people/national-fellows/	
https://science.psu.edu/astro	200	https://science.psu.edu/astro	
https://www.dunlap.utoronto.ca/~vanderlinde/	200	https://www.dunlap.utoronto.ca/~vanderlinde/	
https://www.carleton.edu	200	https://www.carleton.edu/	
https://www.nmsu.edu	200	https://www.nmsu.edu/	
https://www.psu.edu	200	https://www.psu.edu/	
https://trivnguyen.github.io/	200	https://trivnguyen.github.io/	
https://astro.nmsu.edu	200	https://astro.nmsu.edu/	
https://www.technion.ac.il	200	https://www.technion.ac.il/	
https://linanecib.com/	CURL_ERR(56)		curl: (56) CONNECT tunnel failed, response 502 
https://sites.psu.edu/astrowright/	200	https://sites.psu.edu/astrowright/	
https://polymathic-ai.org	200	https://polymathic-ai.org/	
https://www.cs.toronto.edu/~cmaddis/	200	https://www.cs.toronto.edu/~cmaddis/	
https://www.mit.edu	200	https://www.mit.edu/	
https://www.northwestern.edu	200	https://www.northwestern.edu/	
https://www.jwst.nasa.gov	CURL_ERR(60)		curl: (60) SSL: no alternative certificate subject name matches target host name 'www.jwst.nasa.gov' More details here: https://curl.se/docs/sslcerts.html  curl failed to verify the legitimacy of the server and therefore could not establish a secure connection to it. To learn more about this situati
https://environment.utoronto.ca	200	https://environment.utoronto.ca/	
https://astro.utoronto.ca/~bovy	200	https://www.astro.utoronto.ca/~bovy/	
https://physics.yorku.ca	CURL_ERR(60)		curl: (60) SSL certificate problem: unable to get local issuer certificate More details here: https://curl.se/docs/sslcerts.html  curl failed to verify the legitimacy of the server and therefore could not establish a secure connection to it. To learn more about this situation and how to fix it, plea
https://www.nserc-crsng.gc.ca	200	https://nserc-crsng.canada.ca/	
https://ciela.science/team/laurence-perreault-levasseur/	202	https://ciela.science/team/laurence-perreault-levasseur/	
https://cifar.ca	200	https://cifar.ca/	
https://ciela.science	202	https://ciela.science/	
https://www.umontreal.ca	200	https://www.umontreal.ca/	
https://www.utsc.utoronto.ca/cms/	200	https://www.utsc.utoronto.ca/cms/	
https://physics.mcmaster.ca	200	https://physics.mcmaster.ca/	
https://astronomy.as.virginia.edu/	200	https://astronomy.as.virginia.edu/	
https://www.chord-observatory.ca	200	https://www.chord-observatory.ca/	
https://alexji.com/	200	https://alexji.com/	
https://www.astro.utoronto.ca/~ting/	404	https://www.astro.utoronto.ca/~ting/	
https://mila.quebec	200	https://mila.quebec/en	
https://www.almaobservatory.org	200	https://www.almaobservatory.org/en/home/	
https://www.robertoabraham.com	200	https://www.robertoabraham.com/	
https://www.cosmicai.org/	200	https://cosmicai.org/	
https://walmsley.dev/pages/about	200	https://walmsley.dev/pages/about/	
https://github.com/mwalmsley/zoobot	403	https://github.com/mwalmsley/zoobot	
https://www.uchicago.edu	200	https://www.uchicago.edu/	
https://ddavidli.com/	200	https://www.ddavidli.com/	
https://wayve.ai	202	https://wayve.ai/	
https://samberek.github.io/samberek/index.html	200	https://samberek.github.io/samberek/index.html	
https://chime-experiment.ca/en	200	https://chime-experiment.ca/	
https://www.ox.ac.uk	403	https://www.ox.ac.uk/	
https://www.statistics.utoronto.ca/people/directories/all-faculty/patrick-brown	200	https://www.statistics.utoronto.ca/people/directories/all-faculty/patrick-brown	
https://www.turing.ac.uk/people/researchers/anna-scaife	403	https://www.turing.ac.uk/people/researchers/anna-scaife	
https://www.nsf.gov/funding/opportunities/aapf-nsf-astronomy-astrophysics-postdoctoral-fellowships	200	https://www.nsf.gov/funding/opportunities/aapf-nsf-astronomy-astrophysics-postdoctoral-fellowships	
https://www.astro.utoronto.ca/~steffani.grondin	200	https://www.astro.utoronto.ca/~steffani.grondin/	
https://kremer.northwestern.edu	CURL_ERR(56)		curl: (56) CONNECT tunnel failed, response 502 
https://www.zooniverse.org/projects/zookeeper/galaxy-zoo/	200	https://www.zooniverse.org/projects/zookeeper/galaxy-zoo	
https://www.cita.utoronto.ca	CURL_ERR(35)		curl: (35) Recv failure: Connection reset by peer 
https://www.manchester.ac.uk	200	https://www.manchester.ac.uk/	
https://www.astrowhit.com	200	https://astrowhit.com/	
https://fbroekgaarden.github.io	404	https://fbroekgaarden.github.io/	
https://chime-frb.ca	CURL_ERR(56)		curl: (56) CONNECT tunnel failed, response 502 
https://www.yorku.ca/professor/jeremywebb	CURL_ERR(60)		curl: (60) SSL certificate problem: unable to get local issuer certificate More details here: https://curl.se/docs/sslcerts.html  curl failed to verify the legitimacy of the server and therefore could not establish a secure connection to it. To learn more about this situation and how to fix it, plea
https://www.astro.utoronto.ca/~cook/	200	https://www.astro.utoronto.ca/~cook/	
https://henrysky.github.io/	200	https://henrysky.github.io/	
https://www.physics.ox.ac.uk/our-people/lintott	200	https://www.physics.ox.ac.uk/our-people/lintott	
https://ucsd.edu	200	https://ucsd.edu/	
https://www.yorku.ca/science/profiles/faculty/paul-scholz	CURL_ERR(60)		curl: (60) SSL certificate problem: unable to get local issuer certificate More details here: https://curl.se/docs/sslcerts.html  curl failed to verify the legitimacy of the server and therefore could not establish a secure connection to it. To learn more about this situation and how to fix it, plea
https://banting.fellowships-bourses.gc.ca	CURL_ERR(60)		curl: (60) SSL certificate problem: unable to get local issuer certificate More details here: https://curl.se/docs/sslcerts.html  curl failed to verify the legitimacy of the server and therefore could not establish a secure connection to it. To learn more about this situation and how to fix it, plea
https://www.mcgill.ca	200	https://www.mcgill.ca/	
https://www.nserc-crsng.gc.ca/students-etudiants/pd-np/pdf-bp_eng.asp	200	https://nserc-crsng.canada.ca/en/funding-opportunity/canada-postdoctoral-research-award-program	
https://bryangaensler.net	200	https://bryangaensler.net/	
https://aaryapatil.github.io	200	https://aaryapatil.github.io/	
https://alfa33333.github.io/	200	https://alfa33333.github.io/	
https://www.ligo.caltech.edu/page/about	CURL_ERR(60)		curl: (60) SSL certificate problem: unable to get local issuer certificate More details here: https://curl.se/docs/sslcerts.html  curl failed to verify the legitimacy of the server and therefore could not establish a secure connection to it. To learn more about this situation and how to fix it, plea
https://catherinezucker.github.io/	200	https://catherinezucker.github.io/	
https://skyandtelescope.org/astronomy-news/stellar-streams-are-revealing-their-secrets	403	https://skyandtelescope.org/astronomy-news/stellar-streams-are-revealing-their-secrets	
https://www.skyatnightmagazine.com/space-science/local-group-guide-galaxy-neighbourhood	200	https://www.skyatnightmagazine.com/space-science/local-group-guide-galaxy-neighbourhood	
https://en.wikipedia.org/wiki/Globular_cluster	200	https://en.wikipedia.org/wiki/Globular_cluster	
https://www.ligo.caltech.edu/page/what-are-gw	CURL_ERR(60)		curl: (60) SSL certificate problem: unable to get local issuer certificate More details here: https://curl.se/docs/sslcerts.html  curl failed to verify the legitimacy of the server and therefore could not establish a secure connection to it. To learn more about this situation and how to fix it, plea
https://canssi.ca/	200	https://canssi.ca/	
https://astrostatuoft.com/research.html	200	https://astrostatuoft.com/research.html	
https://www.gla.ac.uk	200	https://www.gla.ac.uk/	
https://nz.news.yahoo.com/nasa-webb-telescope-spots-impossible-105514938.html	200	https://nz.news.yahoo.com/nasa-webb-telescope-spots-impossible-105514938.html	
https://webbtelescope.org/contents/articles/what-are-active-galactic-nuclei	200	https://science.nasa.gov/mission/webb/science-overview/science-explainers/what-are-active-galactic-nuclei/	
https://www.cibc.com	200	https://www.cibc.com/en/personal-banking.html	
https://astrostatuoft.com/people.html	200	https://astrostatuoft.com/people.html	
https://statstro.com/index.html	200	https://statstro.com/index.html	
https://webb.nasa.gov	200	https://science.nasa.gov/mission/webb/	
https://statstro.com/	200	https://statstro.com/	
https://www.dunlap.utoronto.ca/	200	https://www.dunlap.utoronto.ca/	
https://emprice.org/	200	https://emprice.org/	
https://www.astro.utoronto.ca/	200	https://www.astro.utoronto.ca/	
https://www.mpia.de	200	https://www.mpia.de/de	
https://datasciences.utoronto.ca/	403	https://datasciences.utoronto.ca/	
https://www.statistics.utoronto.ca/	200	https://www.statistics.utoronto.ca/	
